1||5|1|aalXq1dUUDfOmkkq0L2JwdfiIg0=
|0|0|0|0|0000|2||||||||||||||||||0|0||
2||5|1|nZeliSsL8bGvIItT5snzWYagsSM=
|0|0|0|0|0000|1||||||||||||||||||0|0||
3||5|1|cpN3fzUfjUUnwf6ZvlGhx4aOpfQ=
|0|0|0|0|0000|3||||||||||||||||||0|0||
4||5|1|wgXUclwlSyLoPf1ljtyRlX9xVtw=
|0|0|0|0|0000|7||||||||||||||||||0|0||
5||5|1|wgXUclwlSyLoPf1ljtyRlX9xVtw=
|0|0|0|0|0000|7||||||||||||||||||0|0||
6||5|1|wgXUclwlSyLoPf1ljtyRlX9xVtw=
|0|0|0|0|0000|7||||||||||||||||||0|0||
7||4|1|65eBfCDUA4b0XAvyyD+Y6mm2J3A=
|0|0|0|0|Com|||||||||||||||||||0|0||
8||1|1|JgZGXeAhJZZCvcqvCqJ4YRxAzJs=
|0|0|0|0|rmail|1||||||||||||||||||0|0||
9||1|1|9PqWybd/WuY943qylnzssnRqJIA=
|0|0|0|0|mail|2||||||||||||||||||0|0||
10||1|1|v6bgzcRzi6A34C7PKPkFrh4p+54=
|0|0|0|0|mail|3||||||||||||||||||0|0||
11||7|1|s/LGedEX1ZNVDWuXKwGRP9DuQvw=
|0|1|1|1|Fn Ln|Fn|Ln|||||||1|0|||||||||0|0||
